{
  "newcomer": {
    "name": "Newcomer",
    "power": 1,
    "condition": {
      "type": "always_active"
    },
    "ftbchunks.load_offline": false,
    "ftbchunks.max_claimed": 10,
    "ftbchunks.max_force_loaded": 0,
    "ftbranks.name_format": "&3[Newcomer]&r <{name}>"
  },
  "member": {
    "name": "Member",
    "power": 50,
    "condition": {
      "type": "playtime",
      "time": 3,
      "time_unit": "hours"
    },
    "parent": "newcomer",
    "ftbchunks.load_offline": false,
    "ftbchunks.max_claimed": 50,
    "ftbchunks.max_force_loaded": 2,
    "ftbranks.name_format": "&2[Member]&r <{name}>"
  },
  "veteran": {
    "name": "Veteran",
    "power": 60,
    "condition": {
      "type": "playtime",
      "time": 30,
      "time_unit": "hours"
    },
    "parent": "member",
    "ftbchunks.load_offline": false,
    "ftbchunks.max_claimed": 100,
    "ftbchunks.max_force_loaded": 3,
    "ftbranks.name_format": "&4[Veteran]&r <{name}>"
  },
  "senior": {
    "name": "Senior",
    "power": 70,
    "condition": {
      "type": "playtime",
      "time": 50,
      "time_unit": "hours"
    },
    "parent": "veteran",
    "ftbchunks.load_offline": false,
    "ftbchunks.max_claimed": 200,
    "ftbchunks.max_force_loaded": 4,
    "ftbranks.name_format": "&6[Senior]&r <{name}>"
  },
  "vip": {
    "name": "VIP",
    "power": 80,
    "parent": "newcomer",
    "ftbchunks.load_offline": false,
    "ftbchunks.max_claimed": 300,
    "ftbchunks.max_force_loaded": 5,
    "ftbranks.name_format": "&9[VIP]&r <{name}>"
  },
  "helper": {
    "name": "Helper",
    "power": 500,
    "parent": "member",
    "ftbchunks.load_offline": false,
    "ftbchunks.max_claimed": 500,
    "ftbchunks.max_force_loaded": 6,
    "command.give": true,
    "command.kick": true,
    "ftbranks.name_format": "&e[Helper]&r <{name}>"
  },
  "admin": {
    "name": "Admin",
    "power": 1000,
    "ftbchunks.load_offline": false,
    "ftbchunks.max_claimed": 1000,
    "ftbchunks.max_force_loaded": 10,
    "ftbranks.name_format": "&5[Admin]&r <{name}>"
  }
}